endpoint,nrmsd,mre,species,substance,pmoa
wetmass_mg,0.43515961838815903,0.4309707827060402,rana,C_end,A
t_exp_G42,1.2727922061357855,0.046875,rana,C_end,A
wetmass_G42_mg,1.4585348432873635,-0.043557558184407166,rana,C_end,A
