endpoint,nrmsd,mre,species,substance,pmoa
wetmass_mg,0.39791610769767605,0.30904269818686475,pseuda,C_cpf,A
t_exp_G42,0.8606629658238704,0.023118393234672307,pseuda,C_cpf,A
wetmass_G42_mg,22.164735321138327,1.0869796857029526,pseuda,C_cpf,A
