endpoint,nrmsd,mre,species,substance,pmoa
wetmass_mg,0.36601511104507206,0.5689679693743616,pseuda,C_end,M
t_exp_G42,0.9270944570168699,0.03327147401908802,pseuda,C_end,M
wetmass_G42_mg,12.662273409472364,1.1884508145915484,pseuda,C_end,M
