param,best_fit,median,q05,q95
spc.Z_corr,0.8916093382682913,0.8988554457656751,0.7688471832898757,0.98393661601606
spc.H_j1,30.920857479437238,30.89203084991719,26.537792065016863,34.619340739809445
