param,best_fit,median,q05,q95
spc.Z_corr,2.109302671599194,2.049334743382171,1.6724458774610318,4.6998757388502455
spc.H_j1,20.21237458660577,18.80409086653965,14.508694659650837,27.318149818448763
