endpoint,nrmsd,mre,species,substance,pmoa
wetmass_mg,0.39357207175813574,0.6305902732185247,pseuda,C_end,A
t_exp_G42,0.7496555682941201,0.027836691410392363,pseuda,C_end,A
wetmass_G42_mg,14.148893584284648,1.3514428758954098,pseuda,C_end,A
