endpoint,nrmsd,mre,species,substance,pmoa
wetmass_mg,0.13218608991876976,0.15674361881810003,rana,C_cpf,G
t_exp_G42,0.48644168653939623,0.03920749912519856,rana,C_cpf,G
wetmass_G42_mg,0.7004841305693059,0.10329187254457066,rana,C_cpf,G
