endpoint,nrmsd,mre,species,substance,pmoa
wetmass_mg,0.38083527902377745,0.2978043205714482,pseuda,C_cpf,M
t_exp_G42,0.8164965809277259,0.019785059901338973,pseuda,C_cpf,M
wetmass_G42_mg,19.76066126526794,0.9493119505299559,pseuda,C_cpf,M
