endpoint,nrmsd,mre,species,substance,pmoa
wetmass_mg,0.3782228563653471,0.30349958313632147,pseuda,C_cpf,G
t_exp_G42,1.1547005383792515,0.029785059901338968,pseuda,C_cpf,G
wetmass_G42_mg,19.526339755523033,0.9431221446936476,pseuda,C_cpf,G
