endpoint,nrmsd,mre,species,substance,pmoa
wetmass_mg,0.4301878582843933,0.8055781424074198,pseuda,C_end,G
t_exp_G42,0.44536177141512323,0.022648944374819242,pseuda,C_end,G
wetmass_G42_mg,13.503029896070979,1.2870851931017453,pseuda,C_end,G
